Country Name,Country Code,Series Name,Series Code,Year,Value
Argentina,ARG,"GNI per capita, Atlas method (current US$)",NY.GNP.PCAP.CD,1970,1320.00
Argentina,ARG,"GNI per capita, Atlas method (current US$)",NY.GNP.PCAP.CD,1971,1470.00
Argentina,ARG,"GNI per capita, Atlas method (current US$)",NY.GNP.PCAP.CD,1972,1470.00
Argentina,ARG,"GNI per capita, Atlas method (current US$)",NY.GNP.PCAP.CD,1973,1820.00
Argentina,ARG,"GNI per capita, Atlas method (current US$)",NY.GNP.PCAP.CD,1974,2470.00
Argentina,ARG,"GNI per capita, Atlas method (current US$)",NY.GNP.PCAP.CD,1975,2720.00
Argentina,ARG,"GNI per capita, Atlas method (current US$)",NY.GNP.PCAP.CD,1976,2360.00
Argentina,ARG,"GNI per capita, Atlas method (current US$)",NY.GNP.PCAP.CD,1977,2210.00
Argentina,ARG,"GNI per capita, Atlas method (current US$)",NY.GNP.PCAP.CD,1978,2480.00
Argentina,ARG,"GNI per capita, Atlas method (current US$)",NY.GNP.PCAP.CD,1979,2950.00
Argentina,ARG,"GNI per capita, Atlas method (current US$)",NY.GNP.PCAP.CD,1980,3260.00
Argentina,ARG,"GNI per capita, Atlas method (current US$)",NY.GNP.PCAP.CD,1981,2800.00
Argentina,ARG,"GNI per capita, Atlas method (current US$)",NY.GNP.PCAP.CD,1982,2660.00
Argentina,ARG,"GNI per capita, Atlas method (current US$)",NY.GNP.PCAP.CD,1983,2860.00
Argentina,ARG,"GNI per capita, Atlas method (current US$)",NY.GNP.PCAP.CD,1984,3200.00
Argentina,ARG,"GNI per capita, Atlas method (current US$)",NY.GNP.PCAP.CD,1985,3070.00
Argentina,ARG,"GNI per capita, Atlas method (current US$)",NY.GNP.PCAP.CD,1986,3380.00
Argentina,ARG,"GNI per capita, Atlas method (current US$)",NY.GNP.PCAP.CD,1987,3490.00
Argentina,ARG,"GNI per capita, Atlas method (current US$)",NY.GNP.PCAP.CD,1988,3860.00
Argentina,ARG,"GNI per capita, Atlas method (current US$)",NY.GNP.PCAP.CD,1989,2910.00
Argentina,ARG,"GNI per capita, Atlas method (current US$)",NY.GNP.PCAP.CD,1990,3180.00
Argentina,ARG,"GNI per capita, Atlas method (current US$)",NY.GNP.PCAP.CD,1991,3850.00
Argentina,ARG,"GNI per capita, Atlas method (current US$)",NY.GNP.PCAP.CD,1992,6040.00
Argentina,ARG,"GNI per capita, Atlas method (current US$)",NY.GNP.PCAP.CD,1993,7080.00
Argentina,ARG,"GNI per capita, Atlas method (current US$)",NY.GNP.PCAP.CD,1994,7570.00
Argentina,ARG,"GNI per capita, Atlas method (current US$)",NY.GNP.PCAP.CD,1995,7310.00
Argentina,ARG,"GNI per capita, Atlas method (current US$)",NY.GNP.PCAP.CD,1996,7680.00
Argentina,ARG,"GNI per capita, Atlas method (current US$)",NY.GNP.PCAP.CD,1997,8080.00
Argentina,ARG,"GNI per capita, Atlas method (current US$)",NY.GNP.PCAP.CD,1998,7960.00
Argentina,ARG,"GNI per capita, Atlas method (current US$)",NY.GNP.PCAP.CD,1999,7510.00
Argentina,ARG,"GNI per capita, Atlas method (current US$)",NY.GNP.PCAP.CD,2000,7400.00
Argentina,ARG,"GNI per capita, Atlas method (current US$)",NY.GNP.PCAP.CD,2001,6930.00
Argentina,ARG,"GNI per capita, Atlas method (current US$)",NY.GNP.PCAP.CD,2002,4010.00
Argentina,ARG,"GNI per capita, Atlas method (current US$)",NY.GNP.PCAP.CD,2003,3620.00
Argentina,ARG,"GNI per capita, Atlas method (current US$)",NY.GNP.PCAP.CD,2004,3340.00
Argentina,ARG,"GNI per capita, Atlas method (current US$)",NY.GNP.PCAP.CD,2005,4230.00
Argentina,ARG,"GNI per capita, Atlas method (current US$)",NY.GNP.PCAP.CD,2006,5440.00
Argentina,ARG,"GNI per capita, Atlas method (current US$)",NY.GNP.PCAP.CD,2007,6460.00
Argentina,ARG,"GNI per capita, Atlas method (current US$)",NY.GNP.PCAP.CD,2008,7600.00
Argentina,ARG,"GNI per capita, Atlas method (current US$)",NY.GNP.PCAP.CD,2009,7720.00
Argentina,ARG,"GNI per capita, Atlas method (current US$)",NY.GNP.PCAP.CD,2010,9160.00
Argentina,ARG,"GNI per capita, Atlas method (current US$)",NY.GNP.PCAP.CD,2011,10590.00
Argentina,ARG,"GNI per capita, Atlas method (current US$)",NY.GNP.PCAP.CD,2012,11770.00
Argentina,ARG,"GNI per capita, Atlas method (current US$)",NY.GNP.PCAP.CD,2013,12760.00
Argentina,ARG,"GNI per capita, Atlas method (current US$)",NY.GNP.PCAP.CD,2014,12240.00
Argentina,ARG,"GNI per capita, Atlas method (current US$)",NY.GNP.PCAP.CD,2015,12500.00
Argentina,ARG,"GNI per capita, Atlas method (current US$)",NY.GNP.PCAP.CD,2016,12130.00
Argentina,ARG,"GNI per capita, Atlas method (current US$)",NY.GNP.PCAP.CD,2017,13070.00
Argentina,ARG,"GNI per capita, Atlas method (current US$)",NY.GNP.PCAP.CD,2018,12390.00
Argentina,ARG,"GNI per capita, Atlas method (current US$)",NY.GNP.PCAP.CD,2019,11210.00
Argentina,ARG,"GNI per capita, Atlas method (current US$)",NY.GNP.PCAP.CD,2020,9040.00
Argentina,ARG,"GNI per capita, Atlas method (current US$)",NY.GNP.PCAP.CD,2021,10070.00
Argentina,ARG,"GNI per capita, Atlas method (current US$)",NY.GNP.PCAP.CD,2022,11820.00
Argentina,ARG,"GNI per capita, Atlas method (current US$)",NY.GNP.PCAP.CD,2023,12890.00
Bolivia,BOL,"GNI per capita, Atlas method (current US$)",NY.GNP.PCAP.CD,1970,
Bolivia,BOL,"GNI per capita, Atlas method (current US$)",NY.GNP.PCAP.CD,1971,
Bolivia,BOL,"GNI per capita, Atlas method (current US$)",NY.GNP.PCAP.CD,1972,
Bolivia,BOL,"GNI per capita, Atlas method (current US$)",NY.GNP.PCAP.CD,1973,
Bolivia,BOL,"GNI per capita, Atlas method (current US$)",NY.GNP.PCAP.CD,1974,
Bolivia,BOL,"GNI per capita, Atlas method (current US$)",NY.GNP.PCAP.CD,1975,
Bolivia,BOL,"GNI per capita, Atlas method (current US$)",NY.GNP.PCAP.CD,1976,530.00
Bolivia,BOL,"GNI per capita, Atlas method (current US$)",NY.GNP.PCAP.CD,1977,570.00
Bolivia,BOL,"GNI per capita, Atlas method (current US$)",NY.GNP.PCAP.CD,1978,630.00
Bolivia,BOL,"GNI per capita, Atlas method (current US$)",NY.GNP.PCAP.CD,1979,740.00
Bolivia,BOL,"GNI per capita, Atlas method (current US$)",NY.GNP.PCAP.CD,1980,790.00
Bolivia,BOL,"GNI per capita, Atlas method (current US$)",NY.GNP.PCAP.CD,1981,870.00
Bolivia,BOL,"GNI per capita, Atlas method (current US$)",NY.GNP.PCAP.CD,1982,820.00
Bolivia,BOL,"GNI per capita, Atlas method (current US$)",NY.GNP.PCAP.CD,1983,800.00
Bolivia,BOL,"GNI per capita, Atlas method (current US$)",NY.GNP.PCAP.CD,1984,820.00
Bolivia,BOL,"GNI per capita, Atlas method (current US$)",NY.GNP.PCAP.CD,1985,800.00
Bolivia,BOL,"GNI per capita, Atlas method (current US$)",NY.GNP.PCAP.CD,1986,710.00
Bolivia,BOL,"GNI per capita, Atlas method (current US$)",NY.GNP.PCAP.CD,1987,690.00
Bolivia,BOL,"GNI per capita, Atlas method (current US$)",NY.GNP.PCAP.CD,1988,690.00
Bolivia,BOL,"GNI per capita, Atlas method (current US$)",NY.GNP.PCAP.CD,1989,690.00
Bolivia,BOL,"GNI per capita, Atlas method (current US$)",NY.GNP.PCAP.CD,1990,690.00
Bolivia,BOL,"GNI per capita, Atlas method (current US$)",NY.GNP.PCAP.CD,1991,710.00
Bolivia,BOL,"GNI per capita, Atlas method (current US$)",NY.GNP.PCAP.CD,1992,740.00
Bolivia,BOL,"GNI per capita, Atlas method (current US$)",NY.GNP.PCAP.CD,1993,760.00
Bolivia,BOL,"GNI per capita, Atlas method (current US$)",NY.GNP.PCAP.CD,1994,790.00
Bolivia,BOL,"GNI per capita, Atlas method (current US$)",NY.GNP.PCAP.CD,1995,820.00
Bolivia,BOL,"GNI per capita, Atlas method (current US$)",NY.GNP.PCAP.CD,1996,870.00
Bolivia,BOL,"GNI per capita, Atlas method (current US$)",NY.GNP.PCAP.CD,1997,930.00
Bolivia,BOL,"GNI per capita, Atlas method (current US$)",NY.GNP.PCAP.CD,1998,960.00
Bolivia,BOL,"GNI per capita, Atlas method (current US$)",NY.GNP.PCAP.CD,1999,950.00
Bolivia,BOL,"GNI per capita, Atlas method (current US$)",NY.GNP.PCAP.CD,2000,960.00
Bolivia,BOL,"GNI per capita, Atlas method (current US$)",NY.GNP.PCAP.CD,2001,930.00
Bolivia,BOL,"GNI per capita, Atlas method (current US$)",NY.GNP.PCAP.CD,2002,900.00
Bolivia,BOL,"GNI per capita, Atlas method (current US$)",NY.GNP.PCAP.CD,2003,890.00
Bolivia,BOL,"GNI per capita, Atlas method (current US$)",NY.GNP.PCAP.CD,2004,940.00
Bolivia,BOL,"GNI per capita, Atlas method (current US$)",NY.GNP.PCAP.CD,2005,1000.00
Bolivia,BOL,"GNI per capita, Atlas method (current US$)",NY.GNP.PCAP.CD,2006,1090.00
Bolivia,BOL,"GNI per capita, Atlas method (current US$)",NY.GNP.PCAP.CD,2007,1210.00
Bolivia,BOL,"GNI per capita, Atlas method (current US$)",NY.GNP.PCAP.CD,2008,1460.00
Bolivia,BOL,"GNI per capita, Atlas method (current US$)",NY.GNP.PCAP.CD,2009,1600.00
Bolivia,BOL,"GNI per capita, Atlas method (current US$)",NY.GNP.PCAP.CD,2010,1760.00
Bolivia,BOL,"GNI per capita, Atlas method (current US$)",NY.GNP.PCAP.CD,2011,1970.00
Bolivia,BOL,"GNI per capita, Atlas method (current US$)",NY.GNP.PCAP.CD,2012,2220.00
Bolivia,BOL,"GNI per capita, Atlas method (current US$)",NY.GNP.PCAP.CD,2013,2550.00
Bolivia,BOL,"GNI per capita, Atlas method (current US$)",NY.GNP.PCAP.CD,2014,2800.00
Bolivia,BOL,"GNI per capita, Atlas method (current US$)",NY.GNP.PCAP.CD,2015,2920.00
Bolivia,BOL,"GNI per capita, Atlas method (current US$)",NY.GNP.PCAP.CD,2016,3000.00
Bolivia,BOL,"GNI per capita, Atlas method (current US$)",NY.GNP.PCAP.CD,2017,3050.00
Bolivia,BOL,"GNI per capita, Atlas method (current US$)",NY.GNP.PCAP.CD,2018,3320.00
Bolivia,BOL,"GNI per capita, Atlas method (current US$)",NY.GNP.PCAP.CD,2019,3470.00
Bolivia,BOL,"GNI per capita, Atlas method (current US$)",NY.GNP.PCAP.CD,2020,3150.00
Bolivia,BOL,"GNI per capita, Atlas method (current US$)",NY.GNP.PCAP.CD,2021,3330.00
Bolivia,BOL,"GNI per capita, Atlas method (current US$)",NY.GNP.PCAP.CD,2022,3530.00
Bolivia,BOL,"GNI per capita, Atlas method (current US$)",NY.GNP.PCAP.CD,2023,3620.00
Brazil,BRA,"GNI per capita, Atlas method (current US$)",NY.GNP.PCAP.CD,1970,450.00
Brazil,BRA,"GNI per capita, Atlas method (current US$)",NY.GNP.PCAP.CD,1971,510.00
Brazil,BRA,"GNI per capita, Atlas method (current US$)",NY.GNP.PCAP.CD,1972,590.00
Brazil,BRA,"GNI per capita, Atlas method (current US$)",NY.GNP.PCAP.CD,1973,730.00
Brazil,BRA,"GNI per capita, Atlas method (current US$)",NY.GNP.PCAP.CD,1974,960.00
Brazil,BRA,"GNI per capita, Atlas method (current US$)",NY.GNP.PCAP.CD,1975,1180.00
Brazil,BRA,"GNI per capita, Atlas method (current US$)",NY.GNP.PCAP.CD,1976,1400.00
Brazil,BRA,"GNI per capita, Atlas method (current US$)",NY.GNP.PCAP.CD,1977,1510.00
Brazil,BRA,"GNI per capita, Atlas method (current US$)",NY.GNP.PCAP.CD,1978,1700.00
Brazil,BRA,"GNI per capita, Atlas method (current US$)",NY.GNP.PCAP.CD,1979,1990.00
Brazil,BRA,"GNI per capita, Atlas method (current US$)",NY.GNP.PCAP.CD,1980,2170.00
Brazil,BRA,"GNI per capita, Atlas method (current US$)",NY.GNP.PCAP.CD,1981,2110.00
Brazil,BRA,"GNI per capita, Atlas method (current US$)",NY.GNP.PCAP.CD,1982,2060.00
Brazil,BRA,"GNI per capita, Atlas method (current US$)",NY.GNP.PCAP.CD,1983,1770.00
Brazil,BRA,"GNI per capita, Atlas method (current US$)",NY.GNP.PCAP.CD,1984,1680.00
Brazil,BRA,"GNI per capita, Atlas method (current US$)",NY.GNP.PCAP.CD,1985,1540.00
Brazil,BRA,"GNI per capita, Atlas method (current US$)",NY.GNP.PCAP.CD,1986,1750.00
Brazil,BRA,"GNI per capita, Atlas method (current US$)",NY.GNP.PCAP.CD,1987,2030.00
Brazil,BRA,"GNI per capita, Atlas method (current US$)",NY.GNP.PCAP.CD,1988,2300.00
Brazil,BRA,"GNI per capita, Atlas method (current US$)",NY.GNP.PCAP.CD,1989,2630.00
Brazil,BRA,"GNI per capita, Atlas method (current US$)",NY.GNP.PCAP.CD,1990,2610.00
Brazil,BRA,"GNI per capita, Atlas method (current US$)",NY.GNP.PCAP.CD,1991,2660.00
Brazil,BRA,"GNI per capita, Atlas method (current US$)",NY.GNP.PCAP.CD,1992,2450.00
Brazil,BRA,"GNI per capita, Atlas method (current US$)",NY.GNP.PCAP.CD,1993,2310.00
Brazil,BRA,"GNI per capita, Atlas method (current US$)",NY.GNP.PCAP.CD,1994,2620.00
Brazil,BRA,"GNI per capita, Atlas method (current US$)",NY.GNP.PCAP.CD,1995,3440.00
Brazil,BRA,"GNI per capita, Atlas method (current US$)",NY.GNP.PCAP.CD,1996,4420.00
Brazil,BRA,"GNI per capita, Atlas method (current US$)",NY.GNP.PCAP.CD,1997,5110.00
Brazil,BRA,"GNI per capita, Atlas method (current US$)",NY.GNP.PCAP.CD,1998,4980.00
Brazil,BRA,"GNI per capita, Atlas method (current US$)",NY.GNP.PCAP.CD,1999,4230.00
Brazil,BRA,"GNI per capita, Atlas method (current US$)",NY.GNP.PCAP.CD,2000,3950.00
Brazil,BRA,"GNI per capita, Atlas method (current US$)",NY.GNP.PCAP.CD,2001,3370.00
Brazil,BRA,"GNI per capita, Atlas method (current US$)",NY.GNP.PCAP.CD,2002,3120.00
Brazil,BRA,"GNI per capita, Atlas method (current US$)",NY.GNP.PCAP.CD,2003,3010.00
Brazil,BRA,"GNI per capita, Atlas method (current US$)",NY.GNP.PCAP.CD,2004,3370.00
Brazil,BRA,"GNI per capita, Atlas method (current US$)",NY.GNP.PCAP.CD,2005,4030.00
Brazil,BRA,"GNI per capita, Atlas method (current US$)",NY.GNP.PCAP.CD,2006,4890.00
Brazil,BRA,"GNI per capita, Atlas method (current US$)",NY.GNP.PCAP.CD,2007,6240.00
Brazil,BRA,"GNI per capita, Atlas method (current US$)",NY.GNP.PCAP.CD,2008,7680.00
Brazil,BRA,"GNI per capita, Atlas method (current US$)",NY.GNP.PCAP.CD,2009,8400.00
Brazil,BRA,"GNI per capita, Atlas method (current US$)",NY.GNP.PCAP.CD,2010,9750.00
Brazil,BRA,"GNI per capita, Atlas method (current US$)",NY.GNP.PCAP.CD,2011,11210.00
Brazil,BRA,"GNI per capita, Atlas method (current US$)",NY.GNP.PCAP.CD,2012,12460.00
Brazil,BRA,"GNI per capita, Atlas method (current US$)",NY.GNP.PCAP.CD,2013,12950.00
Brazil,BRA,"GNI per capita, Atlas method (current US$)",NY.GNP.PCAP.CD,2014,12280.00
Brazil,BRA,"GNI per capita, Atlas method (current US$)",NY.GNP.PCAP.CD,2015,10330.00
Brazil,BRA,"GNI per capita, Atlas method (current US$)",NY.GNP.PCAP.CD,2016,9050.00
Brazil,BRA,"GNI per capita, Atlas method (current US$)",NY.GNP.PCAP.CD,2017,8830.00
Brazil,BRA,"GNI per capita, Atlas method (current US$)",NY.GNP.PCAP.CD,2018,9320.00
Brazil,BRA,"GNI per capita, Atlas method (current US$)",NY.GNP.PCAP.CD,2019,9410.00
Brazil,BRA,"GNI per capita, Atlas method (current US$)",NY.GNP.PCAP.CD,2020,8080.00
Brazil,BRA,"GNI per capita, Atlas method (current US$)",NY.GNP.PCAP.CD,2021,8060.00
Brazil,BRA,"GNI per capita, Atlas method (current US$)",NY.GNP.PCAP.CD,2022,8450.00
Brazil,BRA,"GNI per capita, Atlas method (current US$)",NY.GNP.PCAP.CD,2023,9280.00
Chile,CHL,"GNI per capita, Atlas method (current US$)",NY.GNP.PCAP.CD,1970,880.00
Chile,CHL,"GNI per capita, Atlas method (current US$)",NY.GNP.PCAP.CD,1971,1050.00
Chile,CHL,"GNI per capita, Atlas method (current US$)",NY.GNP.PCAP.CD,1972,1140.00
Chile,CHL,"GNI per capita, Atlas method (current US$)",NY.GNP.PCAP.CD,1973,1350.00
Chile,CHL,"GNI per capita, Atlas method (current US$)",NY.GNP.PCAP.CD,1974,1640.00
Chile,CHL,"GNI per capita, Atlas method (current US$)",NY.GNP.PCAP.CD,1975,1140.00
Chile,CHL,"GNI per capita, Atlas method (current US$)",NY.GNP.PCAP.CD,1976,1010.00
Chile,CHL,"GNI per capita, Atlas method (current US$)",NY.GNP.PCAP.CD,1977,1050.00
Chile,CHL,"GNI per capita, Atlas method (current US$)",NY.GNP.PCAP.CD,1978,1350.00
Chile,CHL,"GNI per capita, Atlas method (current US$)",NY.GNP.PCAP.CD,1979,1780.00
Chile,CHL,"GNI per capita, Atlas method (current US$)",NY.GNP.PCAP.CD,1980,2290.00
Chile,CHL,"GNI per capita, Atlas method (current US$)",NY.GNP.PCAP.CD,1981,2760.00
Chile,CHL,"GNI per capita, Atlas method (current US$)",NY.GNP.PCAP.CD,1982,2030.00
Chile,CHL,"GNI per capita, Atlas method (current US$)",NY.GNP.PCAP.CD,1983,1640.00
Chile,CHL,"GNI per capita, Atlas method (current US$)",NY.GNP.PCAP.CD,1984,1450.00
Chile,CHL,"GNI per capita, Atlas method (current US$)",NY.GNP.PCAP.CD,1985,1410.00
Chile,CHL,"GNI per capita, Atlas method (current US$)",NY.GNP.PCAP.CD,1986,1450.00
Chile,CHL,"GNI per capita, Atlas method (current US$)",NY.GNP.PCAP.CD,1987,1640.00
Chile,CHL,"GNI per capita, Atlas method (current US$)",NY.GNP.PCAP.CD,1988,1910.00
Chile,CHL,"GNI per capita, Atlas method (current US$)",NY.GNP.PCAP.CD,1989,2170.00
Chile,CHL,"GNI per capita, Atlas method (current US$)",NY.GNP.PCAP.CD,1990,2320.00
Chile,CHL,"GNI per capita, Atlas method (current US$)",NY.GNP.PCAP.CD,1991,2570.00
Chile,CHL,"GNI per capita, Atlas method (current US$)",NY.GNP.PCAP.CD,1992,3080.00
Chile,CHL,"GNI per capita, Atlas method (current US$)",NY.GNP.PCAP.CD,1993,3400.00
Chile,CHL,"GNI per capita, Atlas method (current US$)",NY.GNP.PCAP.CD,1994,3690.00
Chile,CHL,"GNI per capita, Atlas method (current US$)",NY.GNP.PCAP.CD,1995,4380.00
Chile,CHL,"GNI per capita, Atlas method (current US$)",NY.GNP.PCAP.CD,1996,5030.00
Chile,CHL,"GNI per capita, Atlas method (current US$)",NY.GNP.PCAP.CD,1997,5560.00
Chile,CHL,"GNI per capita, Atlas method (current US$)",NY.GNP.PCAP.CD,1998,5470.00
Chile,CHL,"GNI per capita, Atlas method (current US$)",NY.GNP.PCAP.CD,1999,5100.00
Chile,CHL,"GNI per capita, Atlas method (current US$)",NY.GNP.PCAP.CD,2000,5030.00
Chile,CHL,"GNI per capita, Atlas method (current US$)",NY.GNP.PCAP.CD,2001,4780.00
Chile,CHL,"GNI per capita, Atlas method (current US$)",NY.GNP.PCAP.CD,2002,4520.00
Chile,CHL,"GNI per capita, Atlas method (current US$)",NY.GNP.PCAP.CD,2003,4570.00
Chile,CHL,"GNI per capita, Atlas method (current US$)",NY.GNP.PCAP.CD,2004,5200.00
Chile,CHL,"GNI per capita, Atlas method (current US$)",NY.GNP.PCAP.CD,2005,6200.00
Chile,CHL,"GNI per capita, Atlas method (current US$)",NY.GNP.PCAP.CD,2006,7350.00
Chile,CHL,"GNI per capita, Atlas method (current US$)",NY.GNP.PCAP.CD,2007,8700.00
Chile,CHL,"GNI per capita, Atlas method (current US$)",NY.GNP.PCAP.CD,2008,9950.00
Chile,CHL,"GNI per capita, Atlas method (current US$)",NY.GNP.PCAP.CD,2009,9880.00
Chile,CHL,"GNI per capita, Atlas method (current US$)",NY.GNP.PCAP.CD,2010,10720.00
Chile,CHL,"GNI per capita, Atlas method (current US$)",NY.GNP.PCAP.CD,2011,11860.00
Chile,CHL,"GNI per capita, Atlas method (current US$)",NY.GNP.PCAP.CD,2012,14170.00
Chile,CHL,"GNI per capita, Atlas method (current US$)",NY.GNP.PCAP.CD,2013,15080.00
Chile,CHL,"GNI per capita, Atlas method (current US$)",NY.GNP.PCAP.CD,2014,14690.00
Chile,CHL,"GNI per capita, Atlas method (current US$)",NY.GNP.PCAP.CD,2015,14080.00
Chile,CHL,"GNI per capita, Atlas method (current US$)",NY.GNP.PCAP.CD,2016,13310.00
Chile,CHL,"GNI per capita, Atlas method (current US$)",NY.GNP.PCAP.CD,2017,13200.00
Chile,CHL,"GNI per capita, Atlas method (current US$)",NY.GNP.PCAP.CD,2018,14460.00
Chile,CHL,"GNI per capita, Atlas method (current US$)",NY.GNP.PCAP.CD,2019,14690.00
Chile,CHL,"GNI per capita, Atlas method (current US$)",NY.GNP.PCAP.CD,2020,12960.00
Chile,CHL,"GNI per capita, Atlas method (current US$)",NY.GNP.PCAP.CD,2021,14790.00
Chile,CHL,"GNI per capita, Atlas method (current US$)",NY.GNP.PCAP.CD,2022,15470.00
Chile,CHL,"GNI per capita, Atlas method (current US$)",NY.GNP.PCAP.CD,2023,15800.00
Colombia,COL,"GNI per capita, Atlas method (current US$)",NY.GNP.PCAP.CD,1970,340.00
Colombia,COL,"GNI per capita, Atlas method (current US$)",NY.GNP.PCAP.CD,1971,370.00
Colombia,COL,"GNI per capita, Atlas method (current US$)",NY.GNP.PCAP.CD,1972,410.00
Colombia,COL,"GNI per capita, Atlas method (current US$)",NY.GNP.PCAP.CD,1973,470.00
Colombia,COL,"GNI per capita, Atlas method (current US$)",NY.GNP.PCAP.CD,1974,560.00
Colombia,COL,"GNI per capita, Atlas method (current US$)",NY.GNP.PCAP.CD,1975,610.00
Colombia,COL,"GNI per capita, Atlas method (current US$)",NY.GNP.PCAP.CD,1976,640.00
Colombia,COL,"GNI per capita, Atlas method (current US$)",NY.GNP.PCAP.CD,1977,710.00
Colombia,COL,"GNI per capita, Atlas method (current US$)",NY.GNP.PCAP.CD,1978,880.00
Colombia,COL,"GNI per capita, Atlas method (current US$)",NY.GNP.PCAP.CD,1979,1090.00
Colombia,COL,"GNI per capita, Atlas method (current US$)",NY.GNP.PCAP.CD,1980,1290.00
Colombia,COL,"GNI per capita, Atlas method (current US$)",NY.GNP.PCAP.CD,1981,1390.00
Colombia,COL,"GNI per capita, Atlas method (current US$)",NY.GNP.PCAP.CD,1982,1370.00
Colombia,COL,"GNI per capita, Atlas method (current US$)",NY.GNP.PCAP.CD,1983,1320.00
Colombia,COL,"GNI per capita, Atlas method (current US$)",NY.GNP.PCAP.CD,1984,1310.00
Colombia,COL,"GNI per capita, Atlas method (current US$)",NY.GNP.PCAP.CD,1985,1240.00
Colombia,COL,"GNI per capita, Atlas method (current US$)",NY.GNP.PCAP.CD,1986,1240.00
Colombia,COL,"GNI per capita, Atlas method (current US$)",NY.GNP.PCAP.CD,1987,1270.00
Colombia,COL,"GNI per capita, Atlas method (current US$)",NY.GNP.PCAP.CD,1988,1330.00
Colombia,COL,"GNI per capita, Atlas method (current US$)",NY.GNP.PCAP.CD,1989,1280.00
Colombia,COL,"GNI per capita, Atlas method (current US$)",NY.GNP.PCAP.CD,1990,1350.00
Colombia,COL,"GNI per capita, Atlas method (current US$)",NY.GNP.PCAP.CD,1991,1410.00
Colombia,COL,"GNI per capita, Atlas method (current US$)",NY.GNP.PCAP.CD,1992,1600.00
Colombia,COL,"GNI per capita, Atlas method (current US$)",NY.GNP.PCAP.CD,1993,1780.00
Colombia,COL,"GNI per capita, Atlas method (current US$)",NY.GNP.PCAP.CD,1994,2080.00
Colombia,COL,"GNI per capita, Atlas method (current US$)",NY.GNP.PCAP.CD,1995,2390.00
Colombia,COL,"GNI per capita, Atlas method (current US$)",NY.GNP.PCAP.CD,1996,2580.00
Colombia,COL,"GNI per capita, Atlas method (current US$)",NY.GNP.PCAP.CD,1997,2700.00
Colombia,COL,"GNI per capita, Atlas method (current US$)",NY.GNP.PCAP.CD,1998,2600.00
Colombia,COL,"GNI per capita, Atlas method (current US$)",NY.GNP.PCAP.CD,1999,2370.00
Colombia,COL,"GNI per capita, Atlas method (current US$)",NY.GNP.PCAP.CD,2000,2370.00
Colombia,COL,"GNI per capita, Atlas method (current US$)",NY.GNP.PCAP.CD,2001,2360.00
Colombia,COL,"GNI per capita, Atlas method (current US$)",NY.GNP.PCAP.CD,2002,2410.00
Colombia,COL,"GNI per capita, Atlas method (current US$)",NY.GNP.PCAP.CD,2003,2410.00
Colombia,COL,"GNI per capita, Atlas method (current US$)",NY.GNP.PCAP.CD,2004,2650.00
Colombia,COL,"GNI per capita, Atlas method (current US$)",NY.GNP.PCAP.CD,2005,3030.00
Colombia,COL,"GNI per capita, Atlas method (current US$)",NY.GNP.PCAP.CD,2006,3540.00
Colombia,COL,"GNI per capita, Atlas method (current US$)",NY.GNP.PCAP.CD,2007,4170.00
Colombia,COL,"GNI per capita, Atlas method (current US$)",NY.GNP.PCAP.CD,2008,4770.00
Colombia,COL,"GNI per capita, Atlas method (current US$)",NY.GNP.PCAP.CD,2009,5200.00
Colombia,COL,"GNI per capita, Atlas method (current US$)",NY.GNP.PCAP.CD,2010,5690.00
Colombia,COL,"GNI per capita, Atlas method (current US$)",NY.GNP.PCAP.CD,2011,6370.00
Colombia,COL,"GNI per capita, Atlas method (current US$)",NY.GNP.PCAP.CD,2012,7340.00
Colombia,COL,"GNI per capita, Atlas method (current US$)",NY.GNP.PCAP.CD,2013,8010.00
Colombia,COL,"GNI per capita, Atlas method (current US$)",NY.GNP.PCAP.CD,2014,8280.00
Colombia,COL,"GNI per capita, Atlas method (current US$)",NY.GNP.PCAP.CD,2015,7420.00
Colombia,COL,"GNI per capita, Atlas method (current US$)",NY.GNP.PCAP.CD,2016,6560.00
Colombia,COL,"GNI per capita, Atlas method (current US$)",NY.GNP.PCAP.CD,2017,6030.00
Colombia,COL,"GNI per capita, Atlas method (current US$)",NY.GNP.PCAP.CD,2018,6350.00
Colombia,COL,"GNI per capita, Atlas method (current US$)",NY.GNP.PCAP.CD,2019,6630.00
Colombia,COL,"GNI per capita, Atlas method (current US$)",NY.GNP.PCAP.CD,2020,5850.00
Colombia,COL,"GNI per capita, Atlas method (current US$)",NY.GNP.PCAP.CD,2021,6260.00
Colombia,COL,"GNI per capita, Atlas method (current US$)",NY.GNP.PCAP.CD,2022,6640.00
Colombia,COL,"GNI per capita, Atlas method (current US$)",NY.GNP.PCAP.CD,2023,6810.00
Ecuador,ECU,"GNI per capita, Atlas method (current US$)",NY.GNP.PCAP.CD,1970,510.00
Ecuador,ECU,"GNI per capita, Atlas method (current US$)",NY.GNP.PCAP.CD,1971,500.00
Ecuador,ECU,"GNI per capita, Atlas method (current US$)",NY.GNP.PCAP.CD,1972,500.00
Ecuador,ECU,"GNI per capita, Atlas method (current US$)",NY.GNP.PCAP.CD,1973,590.00
Ecuador,ECU,"GNI per capita, Atlas method (current US$)",NY.GNP.PCAP.CD,1974,810.00
Ecuador,ECU,"GNI per capita, Atlas method (current US$)",NY.GNP.PCAP.CD,1975,1070.00
Ecuador,ECU,"GNI per capita, Atlas method (current US$)",NY.GNP.PCAP.CD,1976,1260.00
Ecuador,ECU,"GNI per capita, Atlas method (current US$)",NY.GNP.PCAP.CD,1977,1330.00
Ecuador,ECU,"GNI per capita, Atlas method (current US$)",NY.GNP.PCAP.CD,1978,1520.00
Ecuador,ECU,"GNI per capita, Atlas method (current US$)",NY.GNP.PCAP.CD,1979,1780.00
Ecuador,ECU,"GNI per capita, Atlas method (current US$)",NY.GNP.PCAP.CD,1980,2060.00
Ecuador,ECU,"GNI per capita, Atlas method (current US$)",NY.GNP.PCAP.CD,1981,2400.00
Ecuador,ECU,"GNI per capita, Atlas method (current US$)",NY.GNP.PCAP.CD,1982,2340.00
Ecuador,ECU,"GNI per capita, Atlas method (current US$)",NY.GNP.PCAP.CD,1983,2060.00
Ecuador,ECU,"GNI per capita, Atlas method (current US$)",NY.GNP.PCAP.CD,1984,1850.00
Ecuador,ECU,"GNI per capita, Atlas method (current US$)",NY.GNP.PCAP.CD,1985,1770.00
Ecuador,ECU,"GNI per capita, Atlas method (current US$)",NY.GNP.PCAP.CD,1986,1720.00
Ecuador,ECU,"GNI per capita, Atlas method (current US$)",NY.GNP.PCAP.CD,1987,1590.00
Ecuador,ECU,"GNI per capita, Atlas method (current US$)",NY.GNP.PCAP.CD,1988,1470.00
Ecuador,ECU,"GNI per capita, Atlas method (current US$)",NY.GNP.PCAP.CD,1989,1330.00
Ecuador,ECU,"GNI per capita, Atlas method (current US$)",NY.GNP.PCAP.CD,1990,1340.00
Ecuador,ECU,"GNI per capita, Atlas method (current US$)",NY.GNP.PCAP.CD,1991,1450.00
Ecuador,ECU,"GNI per capita, Atlas method (current US$)",NY.GNP.PCAP.CD,1992,1570.00
Ecuador,ECU,"GNI per capita, Atlas method (current US$)",NY.GNP.PCAP.CD,1993,1640.00
Ecuador,ECU,"GNI per capita, Atlas method (current US$)",NY.GNP.PCAP.CD,1994,1790.00
Ecuador,ECU,"GNI per capita, Atlas method (current US$)",NY.GNP.PCAP.CD,1995,1950.00
Ecuador,ECU,"GNI per capita, Atlas method (current US$)",NY.GNP.PCAP.CD,1996,2060.00
Ecuador,ECU,"GNI per capita, Atlas method (current US$)",NY.GNP.PCAP.CD,1997,2170.00
Ecuador,ECU,"GNI per capita, Atlas method (current US$)",NY.GNP.PCAP.CD,1998,2150.00
Ecuador,ECU,"GNI per capita, Atlas method (current US$)",NY.GNP.PCAP.CD,1999,1780.00
Ecuador,ECU,"GNI per capita, Atlas method (current US$)",NY.GNP.PCAP.CD,2000,1500.00
Ecuador,ECU,"GNI per capita, Atlas method (current US$)",NY.GNP.PCAP.CD,2001,1490.00
Ecuador,ECU,"GNI per capita, Atlas method (current US$)",NY.GNP.PCAP.CD,2002,1650.00
Ecuador,ECU,"GNI per capita, Atlas method (current US$)",NY.GNP.PCAP.CD,2003,2010.00
Ecuador,ECU,"GNI per capita, Atlas method (current US$)",NY.GNP.PCAP.CD,2004,2410.00
Ecuador,ECU,"GNI per capita, Atlas method (current US$)",NY.GNP.PCAP.CD,2005,2750.00
Ecuador,ECU,"GNI per capita, Atlas method (current US$)",NY.GNP.PCAP.CD,2006,3000.00
Ecuador,ECU,"GNI per capita, Atlas method (current US$)",NY.GNP.PCAP.CD,2007,3210.00
Ecuador,ECU,"GNI per capita, Atlas method (current US$)",NY.GNP.PCAP.CD,2008,3770.00
Ecuador,ECU,"GNI per capita, Atlas method (current US$)",NY.GNP.PCAP.CD,2009,3970.00
Ecuador,ECU,"GNI per capita, Atlas method (current US$)",NY.GNP.PCAP.CD,2010,4290.00
Ecuador,ECU,"GNI per capita, Atlas method (current US$)",NY.GNP.PCAP.CD,2011,4770.00
Ecuador,ECU,"GNI per capita, Atlas method (current US$)",NY.GNP.PCAP.CD,2012,5320.00
Ecuador,ECU,"GNI per capita, Atlas method (current US$)",NY.GNP.PCAP.CD,2013,5880.00
Ecuador,ECU,"GNI per capita, Atlas method (current US$)",NY.GNP.PCAP.CD,2014,6190.00
Ecuador,ECU,"GNI per capita, Atlas method (current US$)",NY.GNP.PCAP.CD,2015,5970.00
Ecuador,ECU,"GNI per capita, Atlas method (current US$)",NY.GNP.PCAP.CD,2016,5750.00
Ecuador,ECU,"GNI per capita, Atlas method (current US$)",NY.GNP.PCAP.CD,2017,5930.00
Ecuador,ECU,"GNI per capita, Atlas method (current US$)",NY.GNP.PCAP.CD,2018,6120.00
Ecuador,ECU,"GNI per capita, Atlas method (current US$)",NY.GNP.PCAP.CD,2019,6100.00
Ecuador,ECU,"GNI per capita, Atlas method (current US$)",NY.GNP.PCAP.CD,2020,5410.00
Ecuador,ECU,"GNI per capita, Atlas method (current US$)",NY.GNP.PCAP.CD,2021,6120.00
Ecuador,ECU,"GNI per capita, Atlas method (current US$)",NY.GNP.PCAP.CD,2022,6590.00
Ecuador,ECU,"GNI per capita, Atlas method (current US$)",NY.GNP.PCAP.CD,2023,6590.00
Guyana,GUY,"GNI per capita, Atlas method (current US$)",NY.GNP.PCAP.CD,1970,360.00
Guyana,GUY,"GNI per capita, Atlas method (current US$)",NY.GNP.PCAP.CD,1971,380.00
Guyana,GUY,"GNI per capita, Atlas method (current US$)",NY.GNP.PCAP.CD,1972,390.00
Guyana,GUY,"GNI per capita, Atlas method (current US$)",NY.GNP.PCAP.CD,1973,430.00
Guyana,GUY,"GNI per capita, Atlas method (current US$)",NY.GNP.PCAP.CD,1974,540.00
Guyana,GUY,"GNI per capita, Atlas method (current US$)",NY.GNP.PCAP.CD,1975,680.00
Guyana,GUY,"GNI per capita, Atlas method (current US$)",NY.GNP.PCAP.CD,1976,670.00
Guyana,GUY,"GNI per capita, Atlas method (current US$)",NY.GNP.PCAP.CD,1977,610.00
Guyana,GUY,"GNI per capita, Atlas method (current US$)",NY.GNP.PCAP.CD,1978,620.00
Guyana,GUY,"GNI per capita, Atlas method (current US$)",NY.GNP.PCAP.CD,1979,670.00
Guyana,GUY,"GNI per capita, Atlas method (current US$)",NY.GNP.PCAP.CD,1980,770.00
Guyana,GUY,"GNI per capita, Atlas method (current US$)",NY.GNP.PCAP.CD,1981,740.00
Guyana,GUY,"GNI per capita, Atlas method (current US$)",NY.GNP.PCAP.CD,1982,590.00
Guyana,GUY,"GNI per capita, Atlas method (current US$)",NY.GNP.PCAP.CD,1983,510.00
Guyana,GUY,"GNI per capita, Atlas method (current US$)",NY.GNP.PCAP.CD,1984,470.00
Guyana,GUY,"GNI per capita, Atlas method (current US$)",NY.GNP.PCAP.CD,1985,500.00
Guyana,GUY,"GNI per capita, Atlas method (current US$)",NY.GNP.PCAP.CD,1986,520.00
Guyana,GUY,"GNI per capita, Atlas method (current US$)",NY.GNP.PCAP.CD,1987,450.00
Guyana,GUY,"GNI per capita, Atlas method (current US$)",NY.GNP.PCAP.CD,1988,460.00
Guyana,GUY,"GNI per capita, Atlas method (current US$)",NY.GNP.PCAP.CD,1989,350.00
Guyana,GUY,"GNI per capita, Atlas method (current US$)",NY.GNP.PCAP.CD,1990,390.00
Guyana,GUY,"GNI per capita, Atlas method (current US$)",NY.GNP.PCAP.CD,1991,330.00
Guyana,GUY,"GNI per capita, Atlas method (current US$)",NY.GNP.PCAP.CD,1992,390.00
Guyana,GUY,"GNI per capita, Atlas method (current US$)",NY.GNP.PCAP.CD,1993,470.00
Guyana,GUY,"GNI per capita, Atlas method (current US$)",NY.GNP.PCAP.CD,1994,570.00
Guyana,GUY,"GNI per capita, Atlas method (current US$)",NY.GNP.PCAP.CD,1995,670.00
Guyana,GUY,"GNI per capita, Atlas method (current US$)",NY.GNP.PCAP.CD,1996,830.00
Guyana,GUY,"GNI per capita, Atlas method (current US$)",NY.GNP.PCAP.CD,1997,880.00
Guyana,GUY,"GNI per capita, Atlas method (current US$)",NY.GNP.PCAP.CD,1998,860.00
Guyana,GUY,"GNI per capita, Atlas method (current US$)",NY.GNP.PCAP.CD,1999,850.00
Guyana,GUY,"GNI per capita, Atlas method (current US$)",NY.GNP.PCAP.CD,2000,870.00
Guyana,GUY,"GNI per capita, Atlas method (current US$)",NY.GNP.PCAP.CD,2001,860.00
Guyana,GUY,"GNI per capita, Atlas method (current US$)",NY.GNP.PCAP.CD,2002,870.00
Guyana,GUY,"GNI per capita, Atlas method (current US$)",NY.GNP.PCAP.CD,2003,910.00
Guyana,GUY,"GNI per capita, Atlas method (current US$)",NY.GNP.PCAP.CD,2004,1010.00
Guyana,GUY,"GNI per capita, Atlas method (current US$)",NY.GNP.PCAP.CD,2005,1070.00
Guyana,GUY,"GNI per capita, Atlas method (current US$)",NY.GNP.PCAP.CD,2006,1450.00
Guyana,GUY,"GNI per capita, Atlas method (current US$)",NY.GNP.PCAP.CD,2007,2250.00
Guyana,GUY,"GNI per capita, Atlas method (current US$)",NY.GNP.PCAP.CD,2008,3820.00
Guyana,GUY,"GNI per capita, Atlas method (current US$)",NY.GNP.PCAP.CD,2009,4160.00
Guyana,GUY,"GNI per capita, Atlas method (current US$)",NY.GNP.PCAP.CD,2010,4520.00
Guyana,GUY,"GNI per capita, Atlas method (current US$)",NY.GNP.PCAP.CD,2011,4860.00
Guyana,GUY,"GNI per capita, Atlas method (current US$)",NY.GNP.PCAP.CD,2012,5350.00
Guyana,GUY,"GNI per capita, Atlas method (current US$)",NY.GNP.PCAP.CD,2013,5610.00
Guyana,GUY,"GNI per capita, Atlas method (current US$)",NY.GNP.PCAP.CD,2014,5640.00
Guyana,GUY,"GNI per capita, Atlas method (current US$)",NY.GNP.PCAP.CD,2015,5530.00
Guyana,GUY,"GNI per capita, Atlas method (current US$)",NY.GNP.PCAP.CD,2016,5610.00
Guyana,GUY,"GNI per capita, Atlas method (current US$)",NY.GNP.PCAP.CD,2017,5870.00
Guyana,GUY,"GNI per capita, Atlas method (current US$)",NY.GNP.PCAP.CD,2018,6100.00
Guyana,GUY,"GNI per capita, Atlas method (current US$)",NY.GNP.PCAP.CD,2019,6380.00
Guyana,GUY,"GNI per capita, Atlas method (current US$)",NY.GNP.PCAP.CD,2020,8090.00
Guyana,GUY,"GNI per capita, Atlas method (current US$)",NY.GNP.PCAP.CD,2021,7810.00
Guyana,GUY,"GNI per capita, Atlas method (current US$)",NY.GNP.PCAP.CD,2022,9780.00
Guyana,GUY,"GNI per capita, Atlas method (current US$)",NY.GNP.PCAP.CD,2023,13600.00
Paraguay,PRY,"GNI per capita, Atlas method (current US$)",NY.GNP.PCAP.CD,1970,250.00
Paraguay,PRY,"GNI per capita, Atlas method (current US$)",NY.GNP.PCAP.CD,1971,270.00
Paraguay,PRY,"GNI per capita, Atlas method (current US$)",NY.GNP.PCAP.CD,1972,300.00
Paraguay,PRY,"GNI per capita, Atlas method (current US$)",NY.GNP.PCAP.CD,1973,370.00
Paraguay,PRY,"GNI per capita, Atlas method (current US$)",NY.GNP.PCAP.CD,1974,490.00
Paraguay,PRY,"GNI per capita, Atlas method (current US$)",NY.GNP.PCAP.CD,1975,590.00
Paraguay,PRY,"GNI per capita, Atlas method (current US$)",NY.GNP.PCAP.CD,1976,650.00
Paraguay,PRY,"GNI per capita, Atlas method (current US$)",NY.GNP.PCAP.CD,1977,730.00
Paraguay,PRY,"GNI per capita, Atlas method (current US$)",NY.GNP.PCAP.CD,1978,870.00
Paraguay,PRY,"GNI per capita, Atlas method (current US$)",NY.GNP.PCAP.CD,1979,1120.00
Paraguay,PRY,"GNI per capita, Atlas method (current US$)",NY.GNP.PCAP.CD,1980,1500.00
Paraguay,PRY,"GNI per capita, Atlas method (current US$)",NY.GNP.PCAP.CD,1981,1810.00
Paraguay,PRY,"GNI per capita, Atlas method (current US$)",NY.GNP.PCAP.CD,1982,1720.00
Paraguay,PRY,"GNI per capita, Atlas method (current US$)",NY.GNP.PCAP.CD,1983,1610.00
Paraguay,PRY,"GNI per capita, Atlas method (current US$)",NY.GNP.PCAP.CD,1984,1450.00
Paraguay,PRY,"GNI per capita, Atlas method (current US$)",NY.GNP.PCAP.CD,1985,1190.00
Paraguay,PRY,"GNI per capita, Atlas method (current US$)",NY.GNP.PCAP.CD,1986,1070.00
Paraguay,PRY,"GNI per capita, Atlas method (current US$)",NY.GNP.PCAP.CD,1987,1050.00
Paraguay,PRY,"GNI per capita, Atlas method (current US$)",NY.GNP.PCAP.CD,1988,1150.00
Paraguay,PRY,"GNI per capita, Atlas method (current US$)",NY.GNP.PCAP.CD,1989,1190.00
Paraguay,PRY,"GNI per capita, Atlas method (current US$)",NY.GNP.PCAP.CD,1990,1240.00
Paraguay,PRY,"GNI per capita, Atlas method (current US$)",NY.GNP.PCAP.CD,1991,1320.00
Paraguay,PRY,"GNI per capita, Atlas method (current US$)",NY.GNP.PCAP.CD,1992,1490.00
Paraguay,PRY,"GNI per capita, Atlas method (current US$)",NY.GNP.PCAP.CD,1993,1690.00
Paraguay,PRY,"GNI per capita, Atlas method (current US$)",NY.GNP.PCAP.CD,1994,1620.00
Paraguay,PRY,"GNI per capita, Atlas method (current US$)",NY.GNP.PCAP.CD,1995,1750.00
Paraguay,PRY,"GNI per capita, Atlas method (current US$)",NY.GNP.PCAP.CD,1996,1920.00
Paraguay,PRY,"GNI per capita, Atlas method (current US$)",NY.GNP.PCAP.CD,1997,1920.00
Paraguay,PRY,"GNI per capita, Atlas method (current US$)",NY.GNP.PCAP.CD,1998,1800.00
Paraguay,PRY,"GNI per capita, Atlas method (current US$)",NY.GNP.PCAP.CD,1999,1670.00
Paraguay,PRY,"GNI per capita, Atlas method (current US$)",NY.GNP.PCAP.CD,2000,1500.00
Paraguay,PRY,"GNI per capita, Atlas method (current US$)",NY.GNP.PCAP.CD,2001,1470.00
Paraguay,PRY,"GNI per capita, Atlas method (current US$)",NY.GNP.PCAP.CD,2002,1400.00
Paraguay,PRY,"GNI per capita, Atlas method (current US$)",NY.GNP.PCAP.CD,2003,1300.00
Paraguay,PRY,"GNI per capita, Atlas method (current US$)",NY.GNP.PCAP.CD,2004,1440.00
Paraguay,PRY,"GNI per capita, Atlas method (current US$)",NY.GNP.PCAP.CD,2005,1620.00
Paraguay,PRY,"GNI per capita, Atlas method (current US$)",NY.GNP.PCAP.CD,2006,1980.00
Paraguay,PRY,"GNI per capita, Atlas method (current US$)",NY.GNP.PCAP.CD,2007,2500.00
Paraguay,PRY,"GNI per capita, Atlas method (current US$)",NY.GNP.PCAP.CD,2008,3320.00
Paraguay,PRY,"GNI per capita, Atlas method (current US$)",NY.GNP.PCAP.CD,2009,3740.00
Paraguay,PRY,"GNI per capita, Atlas method (current US$)",NY.GNP.PCAP.CD,2010,4410.00
Paraguay,PRY,"GNI per capita, Atlas method (current US$)",NY.GNP.PCAP.CD,2011,4840.00
Paraguay,PRY,"GNI per capita, Atlas method (current US$)",NY.GNP.PCAP.CD,2012,5180.00
Paraguay,PRY,"GNI per capita, Atlas method (current US$)",NY.GNP.PCAP.CD,2013,5970.00
Paraguay,PRY,"GNI per capita, Atlas method (current US$)",NY.GNP.PCAP.CD,2014,6290.00
Paraguay,PRY,"GNI per capita, Atlas method (current US$)",NY.GNP.PCAP.CD,2015,6100.00
Paraguay,PRY,"GNI per capita, Atlas method (current US$)",NY.GNP.PCAP.CD,2016,5880.00
Paraguay,PRY,"GNI per capita, Atlas method (current US$)",NY.GNP.PCAP.CD,2017,5810.00
Paraguay,PRY,"GNI per capita, Atlas method (current US$)",NY.GNP.PCAP.CD,2018,6060.00
Paraguay,PRY,"GNI per capita, Atlas method (current US$)",NY.GNP.PCAP.CD,2019,5950.00
Paraguay,PRY,"GNI per capita, Atlas method (current US$)",NY.GNP.PCAP.CD,2020,5550.00
Paraguay,PRY,"GNI per capita, Atlas method (current US$)",NY.GNP.PCAP.CD,2021,5750.00
Paraguay,PRY,"GNI per capita, Atlas method (current US$)",NY.GNP.PCAP.CD,2022,5920.00
Paraguay,PRY,"GNI per capita, Atlas method (current US$)",NY.GNP.PCAP.CD,2023,6220.00
Peru,PER,"GNI per capita, Atlas method (current US$)",NY.GNP.PCAP.CD,1970,500.00
Peru,PER,"GNI per capita, Atlas method (current US$)",NY.GNP.PCAP.CD,1971,560.00
Peru,PER,"GNI per capita, Atlas method (current US$)",NY.GNP.PCAP.CD,1972,630.00
Peru,PER,"GNI per capita, Atlas method (current US$)",NY.GNP.PCAP.CD,1973,740.00
Peru,PER,"GNI per capita, Atlas method (current US$)",NY.GNP.PCAP.CD,1974,930.00
Peru,PER,"GNI per capita, Atlas method (current US$)",NY.GNP.PCAP.CD,1975,1090.00
Peru,PER,"GNI per capita, Atlas method (current US$)",NY.GNP.PCAP.CD,1976,1080.00
Peru,PER,"GNI per capita, Atlas method (current US$)",NY.GNP.PCAP.CD,1977,1030.00
Peru,PER,"GNI per capita, Atlas method (current US$)",NY.GNP.PCAP.CD,1978,880.00
Peru,PER,"GNI per capita, Atlas method (current US$)",NY.GNP.PCAP.CD,1979,910.00
Peru,PER,"GNI per capita, Atlas method (current US$)",NY.GNP.PCAP.CD,1980,1030.00
Peru,PER,"GNI per capita, Atlas method (current US$)",NY.GNP.PCAP.CD,1981,1180.00
Peru,PER,"GNI per capita, Atlas method (current US$)",NY.GNP.PCAP.CD,1982,1140.00
Peru,PER,"GNI per capita, Atlas method (current US$)",NY.GNP.PCAP.CD,1983,930.00
Peru,PER,"GNI per capita, Atlas method (current US$)",NY.GNP.PCAP.CD,1984,890.00
Peru,PER,"GNI per capita, Atlas method (current US$)",NY.GNP.PCAP.CD,1985,820.00
Peru,PER,"GNI per capita, Atlas method (current US$)",NY.GNP.PCAP.CD,1986,920.00
Peru,PER,"GNI per capita, Atlas method (current US$)",NY.GNP.PCAP.CD,1987,1240.00
Peru,PER,"GNI per capita, Atlas method (current US$)",NY.GNP.PCAP.CD,1988,1010.00
Peru,PER,"GNI per capita, Atlas method (current US$)",NY.GNP.PCAP.CD,1989,910.00
Peru,PER,"GNI per capita, Atlas method (current US$)",NY.GNP.PCAP.CD,1990,840.00
Peru,PER,"GNI per capita, Atlas method (current US$)",NY.GNP.PCAP.CD,1991,1220.00
Peru,PER,"GNI per capita, Atlas method (current US$)",NY.GNP.PCAP.CD,1992,1420.00
Peru,PER,"GNI per capita, Atlas method (current US$)",NY.GNP.PCAP.CD,1993,1550.00
Peru,PER,"GNI per capita, Atlas method (current US$)",NY.GNP.PCAP.CD,1994,1760.00
Peru,PER,"GNI per capita, Atlas method (current US$)",NY.GNP.PCAP.CD,1995,1950.00
Peru,PER,"GNI per capita, Atlas method (current US$)",NY.GNP.PCAP.CD,1996,2150.00
Peru,PER,"GNI per capita, Atlas method (current US$)",NY.GNP.PCAP.CD,1997,2270.00
Peru,PER,"GNI per capita, Atlas method (current US$)",NY.GNP.PCAP.CD,1998,2150.00
Peru,PER,"GNI per capita, Atlas method (current US$)",NY.GNP.PCAP.CD,1999,2030.00
Peru,PER,"GNI per capita, Atlas method (current US$)",NY.GNP.PCAP.CD,2000,1960.00
Peru,PER,"GNI per capita, Atlas method (current US$)",NY.GNP.PCAP.CD,2001,1890.00
Peru,PER,"GNI per capita, Atlas method (current US$)",NY.GNP.PCAP.CD,2002,1940.00
Peru,PER,"GNI per capita, Atlas method (current US$)",NY.GNP.PCAP.CD,2003,2060.00
Peru,PER,"GNI per capita, Atlas method (current US$)",NY.GNP.PCAP.CD,2004,2270.00
Peru,PER,"GNI per capita, Atlas method (current US$)",NY.GNP.PCAP.CD,2005,2520.00
Peru,PER,"GNI per capita, Atlas method (current US$)",NY.GNP.PCAP.CD,2006,2790.00
Peru,PER,"GNI per capita, Atlas method (current US$)",NY.GNP.PCAP.CD,2007,3190.00
Peru,PER,"GNI per capita, Atlas method (current US$)",NY.GNP.PCAP.CD,2008,3770.00
Peru,PER,"GNI per capita, Atlas method (current US$)",NY.GNP.PCAP.CD,2009,3950.00
Peru,PER,"GNI per capita, Atlas method (current US$)",NY.GNP.PCAP.CD,2010,4400.00
Peru,PER,"GNI per capita, Atlas method (current US$)",NY.GNP.PCAP.CD,2011,4960.00
Peru,PER,"GNI per capita, Atlas method (current US$)",NY.GNP.PCAP.CD,2012,5780.00
Peru,PER,"GNI per capita, Atlas method (current US$)",NY.GNP.PCAP.CD,2013,6410.00
Peru,PER,"GNI per capita, Atlas method (current US$)",NY.GNP.PCAP.CD,2014,6520.00
Peru,PER,"GNI per capita, Atlas method (current US$)",NY.GNP.PCAP.CD,2015,6340.00
Peru,PER,"GNI per capita, Atlas method (current US$)",NY.GNP.PCAP.CD,2016,6130.00
Peru,PER,"GNI per capita, Atlas method (current US$)",NY.GNP.PCAP.CD,2017,6090.00
Peru,PER,"GNI per capita, Atlas method (current US$)",NY.GNP.PCAP.CD,2018,6500.00
Peru,PER,"GNI per capita, Atlas method (current US$)",NY.GNP.PCAP.CD,2019,6850.00
Peru,PER,"GNI per capita, Atlas method (current US$)",NY.GNP.PCAP.CD,2020,6080.00
Peru,PER,"GNI per capita, Atlas method (current US$)",NY.GNP.PCAP.CD,2021,6550.00
Peru,PER,"GNI per capita, Atlas method (current US$)",NY.GNP.PCAP.CD,2022,6920.00
Peru,PER,"GNI per capita, Atlas method (current US$)",NY.GNP.PCAP.CD,2023,7090.00
Suriname,SUR,"GNI per capita, Atlas method (current US$)",NY.GNP.PCAP.CD,1970,560.00
Suriname,SUR,"GNI per capita, Atlas method (current US$)",NY.GNP.PCAP.CD,1971,580.00
Suriname,SUR,"GNI per capita, Atlas method (current US$)",NY.GNP.PCAP.CD,1972,640.00
Suriname,SUR,"GNI per capita, Atlas method (current US$)",NY.GNP.PCAP.CD,1973,710.00
Suriname,SUR,"GNI per capita, Atlas method (current US$)",NY.GNP.PCAP.CD,1974,900.00
Suriname,SUR,"GNI per capita, Atlas method (current US$)",NY.GNP.PCAP.CD,1975,1220.00
Suriname,SUR,"GNI per capita, Atlas method (current US$)",NY.GNP.PCAP.CD,1976,1310.00
Suriname,SUR,"GNI per capita, Atlas method (current US$)",NY.GNP.PCAP.CD,1977,1530.00
Suriname,SUR,"GNI per capita, Atlas method (current US$)",NY.GNP.PCAP.CD,1978,1810.00
Suriname,SUR,"GNI per capita, Atlas method (current US$)",NY.GNP.PCAP.CD,1979,2060.00
Suriname,SUR,"GNI per capita, Atlas method (current US$)",NY.GNP.PCAP.CD,1980,2200.00
Suriname,SUR,"GNI per capita, Atlas method (current US$)",NY.GNP.PCAP.CD,1981,2530.00
Suriname,SUR,"GNI per capita, Atlas method (current US$)",NY.GNP.PCAP.CD,1982,2410.00
Suriname,SUR,"GNI per capita, Atlas method (current US$)",NY.GNP.PCAP.CD,1983,2210.00
Suriname,SUR,"GNI per capita, Atlas method (current US$)",NY.GNP.PCAP.CD,1984,2230.00
Suriname,SUR,"GNI per capita, Atlas method (current US$)",NY.GNP.PCAP.CD,1985,2260.00
Suriname,SUR,"GNI per capita, Atlas method (current US$)",NY.GNP.PCAP.CD,1986,2340.00
Suriname,SUR,"GNI per capita, Atlas method (current US$)",NY.GNP.PCAP.CD,1987,2420.00
Suriname,SUR,"GNI per capita, Atlas method (current US$)",NY.GNP.PCAP.CD,1988,2890.00
Suriname,SUR,"GNI per capita, Atlas method (current US$)",NY.GNP.PCAP.CD,1989,2170.00
Suriname,SUR,"GNI per capita, Atlas method (current US$)",NY.GNP.PCAP.CD,1990,1400.00
Suriname,SUR,"GNI per capita, Atlas method (current US$)",NY.GNP.PCAP.CD,1991,1130.00
Suriname,SUR,"GNI per capita, Atlas method (current US$)",NY.GNP.PCAP.CD,1992,1050.00
Suriname,SUR,"GNI per capita, Atlas method (current US$)",NY.GNP.PCAP.CD,1993,990.00
Suriname,SUR,"GNI per capita, Atlas method (current US$)",NY.GNP.PCAP.CD,1994,1130.00
Suriname,SUR,"GNI per capita, Atlas method (current US$)",NY.GNP.PCAP.CD,1995,1360.00
Suriname,SUR,"GNI per capita, Atlas method (current US$)",NY.GNP.PCAP.CD,1996,1660.00
Suriname,SUR,"GNI per capita, Atlas method (current US$)",NY.GNP.PCAP.CD,1997,1860.00
Suriname,SUR,"GNI per capita, Atlas method (current US$)",NY.GNP.PCAP.CD,1998,2070.00
Suriname,SUR,"GNI per capita, Atlas method (current US$)",NY.GNP.PCAP.CD,1999,1950.00
Suriname,SUR,"GNI per capita, Atlas method (current US$)",NY.GNP.PCAP.CD,2000,1950.00
Suriname,SUR,"GNI per capita, Atlas method (current US$)",NY.GNP.PCAP.CD,2001,1640.00
Suriname,SUR,"GNI per capita, Atlas method (current US$)",NY.GNP.PCAP.CD,2002,1870.00
Suriname,SUR,"GNI per capita, Atlas method (current US$)",NY.GNP.PCAP.CD,2003,2120.00
Suriname,SUR,"GNI per capita, Atlas method (current US$)",NY.GNP.PCAP.CD,2004,2710.00
Suriname,SUR,"GNI per capita, Atlas method (current US$)",NY.GNP.PCAP.CD,2005,3190.00
Suriname,SUR,"GNI per capita, Atlas method (current US$)",NY.GNP.PCAP.CD,2006,3880.00
Suriname,SUR,"GNI per capita, Atlas method (current US$)",NY.GNP.PCAP.CD,2007,4860.00
Suriname,SUR,"GNI per capita, Atlas method (current US$)",NY.GNP.PCAP.CD,2008,6090.00
Suriname,SUR,"GNI per capita, Atlas method (current US$)",NY.GNP.PCAP.CD,2009,6700.00
Suriname,SUR,"GNI per capita, Atlas method (current US$)",NY.GNP.PCAP.CD,2010,7330.00
Suriname,SUR,"GNI per capita, Atlas method (current US$)",NY.GNP.PCAP.CD,2011,7620.00
Suriname,SUR,"GNI per capita, Atlas method (current US$)",NY.GNP.PCAP.CD,2012,8220.00
Suriname,SUR,"GNI per capita, Atlas method (current US$)",NY.GNP.PCAP.CD,2013,8610.00
Suriname,SUR,"GNI per capita, Atlas method (current US$)",NY.GNP.PCAP.CD,2014,8900.00
Suriname,SUR,"GNI per capita, Atlas method (current US$)",NY.GNP.PCAP.CD,2015,8550.00
Suriname,SUR,"GNI per capita, Atlas method (current US$)",NY.GNP.PCAP.CD,2016,6670.00
Suriname,SUR,"GNI per capita, Atlas method (current US$)",NY.GNP.PCAP.CD,2017,5710.00
Suriname,SUR,"GNI per capita, Atlas method (current US$)",NY.GNP.PCAP.CD,2018,5730.00
Suriname,SUR,"GNI per capita, Atlas method (current US$)",NY.GNP.PCAP.CD,2019,5960.00
Suriname,SUR,"GNI per capita, Atlas method (current US$)",NY.GNP.PCAP.CD,2020,4460.00
Suriname,SUR,"GNI per capita, Atlas method (current US$)",NY.GNP.PCAP.CD,2021,4470.00
Suriname,SUR,"GNI per capita, Atlas method (current US$)",NY.GNP.PCAP.CD,2022,5040.00
Suriname,SUR,"GNI per capita, Atlas method (current US$)",NY.GNP.PCAP.CD,2023,5200.00
Uruguay,URY,"GNI per capita, Atlas method (current US$)",NY.GNP.PCAP.CD,1970,820.00
Uruguay,URY,"GNI per capita, Atlas method (current US$)",NY.GNP.PCAP.CD,1971,860.00
Uruguay,URY,"GNI per capita, Atlas method (current US$)",NY.GNP.PCAP.CD,1972,870.00
Uruguay,URY,"GNI per capita, Atlas method (current US$)",NY.GNP.PCAP.CD,1973,1050.00
Uruguay,URY,"GNI per capita, Atlas method (current US$)",NY.GNP.PCAP.CD,1974,1350.00
Uruguay,URY,"GNI per capita, Atlas method (current US$)",NY.GNP.PCAP.CD,1975,1600.00
Uruguay,URY,"GNI per capita, Atlas method (current US$)",NY.GNP.PCAP.CD,1976,1460.00
Uruguay,URY,"GNI per capita, Atlas method (current US$)",NY.GNP.PCAP.CD,1977,1400.00
Uruguay,URY,"GNI per capita, Atlas method (current US$)",NY.GNP.PCAP.CD,1978,1600.00
Uruguay,URY,"GNI per capita, Atlas method (current US$)",NY.GNP.PCAP.CD,1979,2120.00
Uruguay,URY,"GNI per capita, Atlas method (current US$)",NY.GNP.PCAP.CD,1980,2830.00
Uruguay,URY,"GNI per capita, Atlas method (current US$)",NY.GNP.PCAP.CD,1981,3610.00
Uruguay,URY,"GNI per capita, Atlas method (current US$)",NY.GNP.PCAP.CD,1982,3270.00
Uruguay,URY,"GNI per capita, Atlas method (current US$)",NY.GNP.PCAP.CD,1983,2180.00
Uruguay,URY,"GNI per capita, Atlas method (current US$)",NY.GNP.PCAP.CD,1984,1730.00
Uruguay,URY,"GNI per capita, Atlas method (current US$)",NY.GNP.PCAP.CD,1985,1500.00
Uruguay,URY,"GNI per capita, Atlas method (current US$)",NY.GNP.PCAP.CD,1986,1780.00
Uruguay,URY,"GNI per capita, Atlas method (current US$)",NY.GNP.PCAP.CD,1987,2210.00
Uruguay,URY,"GNI per capita, Atlas method (current US$)",NY.GNP.PCAP.CD,1988,2600.00
Uruguay,URY,"GNI per capita, Atlas method (current US$)",NY.GNP.PCAP.CD,1989,2730.00
Uruguay,URY,"GNI per capita, Atlas method (current US$)",NY.GNP.PCAP.CD,1990,2850.00
Uruguay,URY,"GNI per capita, Atlas method (current US$)",NY.GNP.PCAP.CD,1991,3190.00
Uruguay,URY,"GNI per capita, Atlas method (current US$)",NY.GNP.PCAP.CD,1992,3850.00
Uruguay,URY,"GNI per capita, Atlas method (current US$)",NY.GNP.PCAP.CD,1993,4380.00
Uruguay,URY,"GNI per capita, Atlas method (current US$)",NY.GNP.PCAP.CD,1994,5080.00
Uruguay,URY,"GNI per capita, Atlas method (current US$)",NY.GNP.PCAP.CD,1995,5590.00
Uruguay,URY,"GNI per capita, Atlas method (current US$)",NY.GNP.PCAP.CD,1996,6240.00
Uruguay,URY,"GNI per capita, Atlas method (current US$)",NY.GNP.PCAP.CD,1997,7080.00
Uruguay,URY,"GNI per capita, Atlas method (current US$)",NY.GNP.PCAP.CD,1998,7360.00
Uruguay,URY,"GNI per capita, Atlas method (current US$)",NY.GNP.PCAP.CD,1999,7400.00
Uruguay,URY,"GNI per capita, Atlas method (current US$)",NY.GNP.PCAP.CD,2000,7180.00
Uruguay,URY,"GNI per capita, Atlas method (current US$)",NY.GNP.PCAP.CD,2001,6610.00
Uruguay,URY,"GNI per capita, Atlas method (current US$)",NY.GNP.PCAP.CD,2002,5210.00
Uruguay,URY,"GNI per capita, Atlas method (current US$)",NY.GNP.PCAP.CD,2003,4300.00
Uruguay,URY,"GNI per capita, Atlas method (current US$)",NY.GNP.PCAP.CD,2004,4180.00
Uruguay,URY,"GNI per capita, Atlas method (current US$)",NY.GNP.PCAP.CD,2005,4770.00
Uruguay,URY,"GNI per capita, Atlas method (current US$)",NY.GNP.PCAP.CD,2006,5470.00
Uruguay,URY,"GNI per capita, Atlas method (current US$)",NY.GNP.PCAP.CD,2007,6510.00
Uruguay,URY,"GNI per capita, Atlas method (current US$)",NY.GNP.PCAP.CD,2008,7930.00
Uruguay,URY,"GNI per capita, Atlas method (current US$)",NY.GNP.PCAP.CD,2009,9140.00
Uruguay,URY,"GNI per capita, Atlas method (current US$)",NY.GNP.PCAP.CD,2010,10930.00
Uruguay,URY,"GNI per capita, Atlas method (current US$)",NY.GNP.PCAP.CD,2011,12730.00
Uruguay,URY,"GNI per capita, Atlas method (current US$)",NY.GNP.PCAP.CD,2012,14230.00
Uruguay,URY,"GNI per capita, Atlas method (current US$)",NY.GNP.PCAP.CD,2013,16480.00
Uruguay,URY,"GNI per capita, Atlas method (current US$)",NY.GNP.PCAP.CD,2014,17140.00
Uruguay,URY,"GNI per capita, Atlas method (current US$)",NY.GNP.PCAP.CD,2015,17070.00
Uruguay,URY,"GNI per capita, Atlas method (current US$)",NY.GNP.PCAP.CD,2016,16490.00
Uruguay,URY,"GNI per capita, Atlas method (current US$)",NY.GNP.PCAP.CD,2017,16720.00
Uruguay,URY,"GNI per capita, Atlas method (current US$)",NY.GNP.PCAP.CD,2018,17700.00
Uruguay,URY,"GNI per capita, Atlas method (current US$)",NY.GNP.PCAP.CD,2019,18390.00
Uruguay,URY,"GNI per capita, Atlas method (current US$)",NY.GNP.PCAP.CD,2020,16140.00
Uruguay,URY,"GNI per capita, Atlas method (current US$)",NY.GNP.PCAP.CD,2021,16200.00
Uruguay,URY,"GNI per capita, Atlas method (current US$)",NY.GNP.PCAP.CD,2022,17830.00
Uruguay,URY,"GNI per capita, Atlas method (current US$)",NY.GNP.PCAP.CD,2023,19700.00
"Venezuela, RB",VEN,"GNI per capita, Atlas method (current US$)",NY.GNP.PCAP.CD,1970,980.00
"Venezuela, RB",VEN,"GNI per capita, Atlas method (current US$)",NY.GNP.PCAP.CD,1971,1020.00
"Venezuela, RB",VEN,"GNI per capita, Atlas method (current US$)",NY.GNP.PCAP.CD,1972,1120.00
"Venezuela, RB",VEN,"GNI per capita, Atlas method (current US$)",NY.GNP.PCAP.CD,1973,1340.00
"Venezuela, RB",VEN,"GNI per capita, Atlas method (current US$)",NY.GNP.PCAP.CD,1974,1710.00
"Venezuela, RB",VEN,"GNI per capita, Atlas method (current US$)",NY.GNP.PCAP.CD,1975,2130.00
"Venezuela, RB",VEN,"GNI per capita, Atlas method (current US$)",NY.GNP.PCAP.CD,1976,2470.00
"Venezuela, RB",VEN,"GNI per capita, Atlas method (current US$)",NY.GNP.PCAP.CD,1977,2590.00
"Venezuela, RB",VEN,"GNI per capita, Atlas method (current US$)",NY.GNP.PCAP.CD,1978,2780.00
"Venezuela, RB",VEN,"GNI per capita, Atlas method (current US$)",NY.GNP.PCAP.CD,1979,3170.00
"Venezuela, RB",VEN,"GNI per capita, Atlas method (current US$)",NY.GNP.PCAP.CD,1980,3590.00
"Venezuela, RB",VEN,"GNI per capita, Atlas method (current US$)",NY.GNP.PCAP.CD,1981,4080.00
"Venezuela, RB",VEN,"GNI per capita, Atlas method (current US$)",NY.GNP.PCAP.CD,1982,4020.00
"Venezuela, RB",VEN,"GNI per capita, Atlas method (current US$)",NY.GNP.PCAP.CD,1983,3750.00
"Venezuela, RB",VEN,"GNI per capita, Atlas method (current US$)",NY.GNP.PCAP.CD,1984,3610.00
"Venezuela, RB",VEN,"GNI per capita, Atlas method (current US$)",NY.GNP.PCAP.CD,1985,3480.00
"Venezuela, RB",VEN,"GNI per capita, Atlas method (current US$)",NY.GNP.PCAP.CD,1986,3580.00
"Venezuela, RB",VEN,"GNI per capita, Atlas method (current US$)",NY.GNP.PCAP.CD,1987,3330.00
"Venezuela, RB",VEN,"GNI per capita, Atlas method (current US$)",NY.GNP.PCAP.CD,1988,3370.00
"Venezuela, RB",VEN,"GNI per capita, Atlas method (current US$)",NY.GNP.PCAP.CD,1989,2540.00
"Venezuela, RB",VEN,"GNI per capita, Atlas method (current US$)",NY.GNP.PCAP.CD,1990,2640.00
"Venezuela, RB",VEN,"GNI per capita, Atlas method (current US$)",NY.GNP.PCAP.CD,1991,2670.00
"Venezuela, RB",VEN,"GNI per capita, Atlas method (current US$)",NY.GNP.PCAP.CD,1992,2840.00
"Venezuela, RB",VEN,"GNI per capita, Atlas method (current US$)",NY.GNP.PCAP.CD,1993,2820.00
"Venezuela, RB",VEN,"GNI per capita, Atlas method (current US$)",NY.GNP.PCAP.CD,1994,2710.00
"Venezuela, RB",VEN,"GNI per capita, Atlas method (current US$)",NY.GNP.PCAP.CD,1995,3010.00
"Venezuela, RB",VEN,"GNI per capita, Atlas method (current US$)",NY.GNP.PCAP.CD,1996,3060.00
"Venezuela, RB",VEN,"GNI per capita, Atlas method (current US$)",NY.GNP.PCAP.CD,1997,3430.00
"Venezuela, RB",VEN,"GNI per capita, Atlas method (current US$)",NY.GNP.PCAP.CD,1998,3380.00
"Venezuela, RB",VEN,"GNI per capita, Atlas method (current US$)",NY.GNP.PCAP.CD,1999,3520.00
"Venezuela, RB",VEN,"GNI per capita, Atlas method (current US$)",NY.GNP.PCAP.CD,2000,4070.00
"Venezuela, RB",VEN,"GNI per capita, Atlas method (current US$)",NY.GNP.PCAP.CD,2001,4540.00
"Venezuela, RB",VEN,"GNI per capita, Atlas method (current US$)",NY.GNP.PCAP.CD,2002,3940.00
"Venezuela, RB",VEN,"GNI per capita, Atlas method (current US$)",NY.GNP.PCAP.CD,2003,3450.00
"Venezuela, RB",VEN,"GNI per capita, Atlas method (current US$)",NY.GNP.PCAP.CD,2004,4060.00
"Venezuela, RB",VEN,"GNI per capita, Atlas method (current US$)",NY.GNP.PCAP.CD,2005,4910.00
"Venezuela, RB",VEN,"GNI per capita, Atlas method (current US$)",NY.GNP.PCAP.CD,2006,6050.00
"Venezuela, RB",VEN,"GNI per capita, Atlas method (current US$)",NY.GNP.PCAP.CD,2007,7520.00
"Venezuela, RB",VEN,"GNI per capita, Atlas method (current US$)",NY.GNP.PCAP.CD,2008,9260.00
"Venezuela, RB",VEN,"GNI per capita, Atlas method (current US$)",NY.GNP.PCAP.CD,2009,10230.00
"Venezuela, RB",VEN,"GNI per capita, Atlas method (current US$)",NY.GNP.PCAP.CD,2010,11660.00
"Venezuela, RB",VEN,"GNI per capita, Atlas method (current US$)",NY.GNP.PCAP.CD,2011,11860.00
"Venezuela, RB",VEN,"GNI per capita, Atlas method (current US$)",NY.GNP.PCAP.CD,2012,12620.00
"Venezuela, RB",VEN,"GNI per capita, Atlas method (current US$)",NY.GNP.PCAP.CD,2013,11920.00
"Venezuela, RB",VEN,"GNI per capita, Atlas method (current US$)",NY.GNP.PCAP.CD,2014,12990.00
"Venezuela, RB",VEN,"GNI per capita, Atlas method (current US$)",NY.GNP.PCAP.CD,2015,
"Venezuela, RB",VEN,"GNI per capita, Atlas method (current US$)",NY.GNP.PCAP.CD,2016,
"Venezuela, RB",VEN,"GNI per capita, Atlas method (current US$)",NY.GNP.PCAP.CD,2017,
"Venezuela, RB",VEN,"GNI per capita, Atlas method (current US$)",NY.GNP.PCAP.CD,2018,
"Venezuela, RB",VEN,"GNI per capita, Atlas method (current US$)",NY.GNP.PCAP.CD,2019,
"Venezuela, RB",VEN,"GNI per capita, Atlas method (current US$)",NY.GNP.PCAP.CD,2020,
"Venezuela, RB",VEN,"GNI per capita, Atlas method (current US$)",NY.GNP.PCAP.CD,2021,
"Venezuela, RB",VEN,"GNI per capita, Atlas method (current US$)",NY.GNP.PCAP.CD,2022,
"Venezuela, RB",VEN,"GNI per capita, Atlas method (current US$)",NY.GNP.PCAP.CD,2023,
